incident_id,filename,title,date,severity,region,failure_family,primary_service,technology,root_cause,ground_truth_pattern,impact,duration_minutes,symptoms,contributing_factors,preventive_actions
INC-0001,INC-0001_dns-failure-001.md,payout-service elevated checkout latency due to coredns resolver saturation,2025-01-08,SEV3,US,DNS Failures,payout-service,CoreDNS,CoreDNS resolver saturation,dependency discovery failure,elevated checkout latency,57,retry spikes; slow dependency calls; pod restarts; elevated p95 latency; manual mitigation required; increased timeout rate,dependency discovery failure; unclear ownership; synchronized traffic bursts; insufficient backpressure,enforce config validation; document runbook; add synthetic transaction check; add load test scenario
INC-0002,INC-0002_dns-failure-002.md,checkout-api elevated checkout latency due to stale dns records after failover,2025-01-11,SEV2,US,DNS Failures,checkout-api,Route53,stale DNS records after failover,partial regional degradation,elevated checkout latency,108,manual mitigation required; increased timeout rate; partial customer impact; NXDOMAIN spikes; slow dependency calls; intermittent 5xx errors,partial regional degradation; insufficient backpressure; limited runbook coverage; missing circuit breaker,add load test scenario; improve idempotency handling; add canary validation; document runbook
INC-0003,INC-0003_dns-failure-003.md,payout-service partial payment failures due to route53 propagation delay,2025-01-14,SEV2,APAC,DNS Failures,payout-service,CoreDNS,Route53 propagation delay,dependency discovery failure,partial payment failures,81,manual mitigation required; intermittent 5xx errors; CPU saturation; inconsistent state observed by customers; partial customer impact; retry spikes,dependency discovery failure; lack of bulkhead isolation; synchronized traffic bursts; unclear ownership,improve idempotency handling; introduce jittered exponential backoff; add bulkhead isolation; document runbook
INC-0004,INC-0004_dns-failure-004.md,payment-api delayed payouts due to bad internal dns rollout,2025-01-19,SEV2,US-East,DNS Failures,payment-api,Envoy,bad internal DNS rollout,partial regional degradation,delayed payouts,164,inconsistent state observed by customers; NXDOMAIN spikes; manual mitigation required; DNS lookup latency; elevated p95 latency; queue growth,partial regional degradation; insufficient backpressure; lack of bulkhead isolation; manual rollback process,improve idempotency handling; add canary validation; document runbook; add synthetic transaction check
INC-0005,INC-0005_dns-failure-005.md,risk-service elevated checkout latency due to expired dns cache entry,2025-01-21,SEV1,US,DNS Failures,risk-service,Consul DNS,expired DNS cache entry,partial regional degradation,elevated checkout latency,165,NXDOMAIN spikes; DNS lookup latency; slow dependency calls; pod restarts; partial customer impact; queue growth,partial regional degradation; weak alerting; insufficient load testing; limited runbook coverage,introduce jittered exponential backoff; add cache invalidation test; enforce config validation; add dependency saturation dashboard
INC-0006,INC-0006_dns-failure-006.md,risk-service inconsistent payment method availability due to dns search path misconfiguration,2025-01-25,SEV2,EU-West,DNS Failures,risk-service,Envoy,DNS search path misconfiguration,partial regional degradation,inconsistent payment method availability,24,queue growth; inconsistent state observed by customers; connection pool pressure; manual mitigation required; intermittent 5xx errors; DNS lookup latency,partial regional degradation; lack of bulkhead isolation; missing circuit breaker; high-cardinality metrics,add SLO alerting; add load test scenario; add bulkhead isolation; introduce jittered exponential backoff
INC-0007,INC-0007_dns-failure-007.md,wallet-service increased error rate due to split-horizon dns mismatch,2025-01-27,SEV3,EU-West,DNS Failures,wallet-service,CoreDNS,split-horizon DNS mismatch,retry amplification,increased error rate,72,partial customer impact; connection pool pressure; manual mitigation required; DNS lookup latency; elevated p95 latency; slow dependency calls,retry amplification; lack of bulkhead isolation; limited runbook coverage; insufficient backpressure,document runbook; add SLO alerting; add cache invalidation test; add dependency saturation dashboard
INC-0008,INC-0008_dns-failure-008.md,checkout-api inconsistent payment method availability due to resolver connection exhaustion,2025-01-31,SEV3,EU-West,DNS Failures,checkout-api,Consul DNS,resolver connection exhaustion,partial regional degradation,inconsistent payment method availability,54,intermittent service discovery failures; connection pool pressure; retry spikes; intermittent 5xx errors; DNS lookup latency; slow dependency calls,partial regional degradation; manual rollback process; unclear ownership; insufficient load testing,add synthetic transaction check; add bulkhead isolation; add cache invalidation test; add dependency saturation dashboard
INC-0009,INC-0009_dns-failure-009.md,payment-api increased error rate due to incorrect service discovery record,2025-02-01,SEV2,EU-West,DNS Failures,payment-api,Route53,incorrect service discovery record,dependency discovery failure,increased error rate,80,elevated p95 latency; increased timeout rate; delayed async processing; inconsistent state observed by customers; intermittent service discovery failures; queue growth,dependency discovery failure; missing circuit breaker; insufficient backpressure; lack of bulkhead isolation,add load test scenario; add synthetic transaction check; document runbook; introduce jittered exponential backoff
INC-0010,INC-0010_dns-failure-010.md,payout-service inconsistent payment method availability due to dns negative caching issue,2025-02-04,SEV2,Global,DNS Failures,payout-service,Nginx,DNS negative caching issue,partial regional degradation,inconsistent payment method availability,126,queue growth; inconsistent state observed by customers; pod restarts; partial customer impact; NXDOMAIN spikes; delayed async processing,partial regional degradation; limited runbook coverage; insufficient backpressure; missing circuit breaker,add dependency saturation dashboard; document runbook; improve idempotency handling; add bulkhead isolation
INC-0011,INC-0011_retry-storm-001.md,notification-dispatcher merchant portal degradation due to aggressive client retry policy,2025-02-07,SEV2,APAC,Retry Storms,notification-dispatcher,Redis,aggressive client retry policy,dependency saturation,merchant portal degradation,85,CPU saturation; manual mitigation required; connection pool pressure; increased timeout rate; elevated p95 latency; burst traffic to downstream dependency,dependency saturation; insufficient backpressure; missing circuit breaker; unclear ownership,add synthetic transaction check; document runbook; enforce config validation; add SLO alerting
INC-0012,INC-0012_retry-storm-002.md,checkout-api inconsistent payment method availability due to missing exponential backoff,2025-02-11,SEV3,APAC,Retry Storms,checkout-api,Redis,missing exponential backoff,partial degradation amplified by retries,inconsistent payment method availability,138,delayed async processing; retry attempts exceeded normal baseline; manual mitigation required; connection pool pressure; inconsistent state observed by customers; CPU saturation,partial degradation amplified by retries; weak alerting; unclear ownership; high-cardinality metrics,add SLO alerting; add canary validation; add cache invalidation test; add bulkhead isolation
INC-0013,INC-0013_retry-storm-003.md,notification-dispatcher partial payment failures due to retry loop after downstream timeout,2025-02-15,SEV1,EU-West,Retry Storms,notification-dispatcher,Redis,retry loop after downstream timeout,dependency saturation,partial payment failures,69,increased timeout rate; inconsistent state observed by customers; queue growth; pod restarts; retry attempts exceeded normal baseline; slow dependency calls,dependency saturation; unclear ownership; insufficient backpressure; missing circuit breaker,add canary validation; add load test scenario; document runbook; add cache invalidation test
INC-0014,INC-0014_retry-storm-004.md,checkout-api delayed payment status updates due to synchronized retry bursts,2025-02-16,SEV1,US-East,Retry Storms,checkout-api,Kafka,synchronized retry bursts,cascading latency,delayed payment status updates,139,elevated p95 latency; CPU saturation; slow dependency calls; manual mitigation required; increased timeout rate; inconsistent state observed by customers,cascading latency; insufficient load testing; unclear ownership; high-cardinality metrics,document runbook; add canary validation; add load test scenario; introduce jittered exponential backoff
INC-0015,INC-0015_retry-storm-005.md,fraud-checker increased error rate due to unbounded sdk retries,2025-02-21,SEV2,US-East,Retry Storms,fraud-checker,SQL Server,unbounded SDK retries,queue growth,increased error rate,24,intermittent 5xx errors; inconsistent state observed by customers; increased timeout rate; retry spikes; retry attempts exceeded normal baseline; manual mitigation required,queue growth; missing circuit breaker; insufficient load testing; weak alerting,add canary validation; document runbook; add load test scenario; add synthetic transaction check
INC-0016,INC-0016_retry-storm-006.md,gateway-adapter partial payment failures due to retry-on-all-errors policy,2025-02-22,SEV2,APAC,Retry Storms,gateway-adapter,HTTP client,retry-on-all-errors policy,partial degradation amplified by retries,partial payment failures,22,inconsistent state observed by customers; intermittent 5xx errors; retry spikes; delayed async processing; CPU saturation; connection pool pressure,partial degradation amplified by retries; manual rollback process; insufficient load testing; insufficient backpressure,add bulkhead isolation; add SLO alerting; add canary validation; introduce jittered exponential backoff
INC-0017,INC-0017_retry-storm-007.md,fraud-checker delayed payment status updates due to missing jitter,2025-02-25,SEV2,EU,Retry Storms,fraud-checker,RabbitMQ,missing jitter,partial degradation amplified by retries,delayed payment status updates,75,inconsistent state observed by customers; increased timeout rate; partial customer impact; connection pool pressure; pod restarts; slow dependency calls,partial degradation amplified by retries; weak alerting; unclear ownership; synchronized traffic bursts,introduce jittered exponential backoff; add canary validation; enforce config validation; document runbook
INC-0018,INC-0018_retry-storm-008.md,gateway-adapter inconsistent payment method availability due to duplicate retry layer in gateway and service,2025-02-28,SEV2,EU,Retry Storms,gateway-adapter,RabbitMQ,duplicate retry layer in gateway and service,partial degradation amplified by retries,inconsistent payment method availability,142,burst traffic to downstream dependency; CPU saturation; partial customer impact; intermittent 5xx errors; queue growth; inconsistent state observed by customers,partial degradation amplified by retries; insufficient backpressure; unclear ownership; manual rollback process,add load test scenario; add canary validation; add bulkhead isolation; enforce config validation
INC-0019,INC-0019_retry-storm-009.md,transaction-worker delayed payment status updates due to consumer retry amplification,2025-03-04,SEV3,EU,Retry Storms,transaction-worker,SQL Server,consumer retry amplification,queue growth,delayed payment status updates,67,elevated p95 latency; increased timeout rate; slow dependency calls; pod restarts; partial customer impact; inconsistent state observed by customers,queue growth; manual rollback process; insufficient load testing; missing circuit breaker,add load test scenario; add SLO alerting; enforce config validation; improve idempotency handling
INC-0020,INC-0020_retry-storm-010.md,notification-dispatcher delayed payouts due to retry storm during partial dependency degradation,2025-03-07,SEV2,EU,Retry Storms,notification-dispatcher,SQL Server,retry storm during partial dependency degradation,dependency saturation,delayed payouts,106,inconsistent state observed by customers; burst traffic to downstream dependency; increased timeout rate; delayed async processing; intermittent 5xx errors; connection pool pressure,dependency saturation; high-cardinality metrics; manual rollback process; lack of bulkhead isolation,introduce jittered exponential backoff; document runbook; enforce config validation; add bulkhead isolation
INC-0021,INC-0021_oom-memory-001.md,risk-engine merchant portal degradation due to unbounded in-memory cache,2025-03-09,SEV2,APAC,OOM / Memory Leaks,risk-engine,ASP.NET Core,unbounded in-memory cache,pod restarts,merchant portal degradation,162,slow dependency calls; intermittent 5xx errors; queue growth; pod restarts; long GC pauses; delayed async processing,pod restarts; lack of bulkhead isolation; limited runbook coverage; insufficient load testing,add synthetic transaction check; introduce jittered exponential backoff; add dependency saturation dashboard; add load test scenario
INC-0022,INC-0022_oom-memory-002.md,notification-service delayed payouts due to high-cardinality opentelemetry metrics,2025-03-12,SEV1,US,OOM / Memory Leaks,notification-service,ASP.NET Core,high-cardinality OpenTelemetry metrics,GC pauses,delayed payouts,101,intermittent 5xx errors; elevated p95 latency; OOMKilled pods; queue growth; CPU saturation; slow dependency calls,GC pauses; missing circuit breaker; limited runbook coverage; manual rollback process,enforce config validation; add synthetic transaction check; add cache invalidation test; document runbook
INC-0023,INC-0023_oom-memory-003.md,admin-api inconsistent payment method availability due to large object heap fragmentation,2025-03-15,SEV3,EU,OOM / Memory Leaks,admin-api,ASP.NET Core,large object heap fragmentation,progressive resource exhaustion,inconsistent payment method availability,130,OOMKilled pods; elevated p95 latency; connection pool pressure; queue growth; increased timeout rate; CPU saturation,progressive resource exhaustion; weak alerting; limited runbook coverage; lack of bulkhead isolation,enforce config validation; add bulkhead isolation; add synthetic transaction check; introduce jittered exponential backoff
INC-0024,INC-0024_oom-memory-004.md,risk-engine inconsistent payment method availability due to memory leak in background worker,2025-03-20,SEV2,US,OOM / Memory Leaks,risk-engine,JSON serializer,memory leak in background worker,capacity degradation,inconsistent payment method availability,185,long GC pauses; inconsistent state observed by customers; queue growth; intermittent 5xx errors; CPU saturation; increased timeout rate,capacity degradation; high-cardinality metrics; unclear ownership; synchronized traffic bursts,add dependency saturation dashboard; introduce jittered exponential backoff; improve idempotency handling; document runbook
INC-0025,INC-0025_oom-memory-005.md,settlement-service merchant portal degradation due to unbounded request buffering,2025-03-23,SEV3,EU,OOM / Memory Leaks,settlement-service,ASP.NET Core,unbounded request buffering,pod restarts,merchant portal degradation,126,OOMKilled pods; pod restarts; elevated p95 latency; queue growth; long GC pauses; delayed async processing,pod restarts; synchronized traffic bursts; insufficient backpressure; manual rollback process,add load test scenario; enforce config validation; improve idempotency handling; document runbook
INC-0026,INC-0026_oom-memory-006.md,settlement-service merchant portal degradation due to thread-local data retained after requests,2025-03-26,SEV2,EU,OOM / Memory Leaks,settlement-service,OpenTelemetry,thread-local data retained after requests,GC pauses,merchant portal degradation,108,manual mitigation required; delayed async processing; retry spikes; CPU saturation; memory growth over several hours; slow dependency calls,GC pauses; insufficient load testing; insufficient backpressure; manual rollback process,add dependency saturation dashboard; enforce config validation; introduce jittered exponential backoff; add synthetic transaction check
INC-0027,INC-0027_oom-memory-007.md,admin-api merchant portal degradation due to serializer buffer growth,2025-03-28,SEV2,US,OOM / Memory Leaks,admin-api,.NET GC,serializer buffer growth,GC pauses,merchant portal degradation,105,connection pool pressure; manual mitigation required; memory growth over several hours; pod restarts; intermittent 5xx errors; increased timeout rate,GC pauses; limited runbook coverage; insufficient backpressure; insufficient load testing,add cache invalidation test; add SLO alerting; improve idempotency handling; document runbook
INC-0028,INC-0028_oom-memory-008.md,admin-api delayed payouts due to image/document payload retained in memory,2025-03-30,SEV2,Global,OOM / Memory Leaks,admin-api,.NET GC,image/document payload retained in memory,pod restarts,delayed payouts,51,OOMKilled pods; delayed async processing; intermittent 5xx errors; manual mitigation required; partial customer impact; retry spikes,pod restarts; synchronized traffic bursts; missing circuit breaker; weak alerting,add load test scenario; improve idempotency handling; enforce config validation; add bulkhead isolation
INC-0029,INC-0029_oom-memory-009.md,risk-engine elevated checkout latency due to connection objects not disposed,2025-04-03,SEV2,US-East,OOM / Memory Leaks,risk-engine,OpenTelemetry,connection objects not disposed,progressive resource exhaustion,elevated checkout latency,48,queue growth; manual mitigation required; slow dependency calls; OOMKilled pods; elevated p95 latency; partial customer impact,progressive resource exhaustion; insufficient load testing; manual rollback process; lack of bulkhead isolation,add SLO alerting; enforce config validation; add synthetic transaction check; add dependency saturation dashboard
INC-0030,INC-0030_oom-memory-010.md,settlement-service elevated checkout latency due to infinite accumulation of failed jobs,2025-04-06,SEV3,Global,OOM / Memory Leaks,settlement-service,Redis cache client,infinite accumulation of failed jobs,capacity degradation,elevated checkout latency,155,long GC pauses; CPU saturation; pod restarts; delayed async processing; slow dependency calls; intermittent 5xx errors,capacity degradation; lack of bulkhead isolation; unclear ownership; missing circuit breaker,add synthetic transaction check; improve idempotency handling; enforce config validation; add canary validation
INC-0031,INC-0031_cache-failure-001.md,payment-methods-api delayed payment status updates due to stale redis cache after provider config update,2025-04-09,SEV1,US,Cache Failures,payment-methods-api,CDN cache,stale Redis cache after provider config update,inconsistent reads,delayed payment status updates,88,connection pool pressure; database traffic spike; elevated p95 latency; stale cached values; queue growth; increased timeout rate,inconsistent reads; unclear ownership; manual rollback process; limited runbook coverage,add cache invalidation test; add synthetic transaction check; improve idempotency handling; add SLO alerting
INC-0032,INC-0032_cache-failure-002.md,payment-methods-api delayed payment status updates due to cache stampede on hot key,2025-04-12,SEV2,US,Cache Failures,payment-methods-api,in-memory cache,cache stampede on hot key,cache miss amplification,delayed payment status updates,170,delayed async processing; pod restarts; database traffic spike; connection pool pressure; partial customer impact; cache hit ratio drop,cache miss amplification; limited runbook coverage; high-cardinality metrics; insufficient load testing,document runbook; add canary validation; add dependency saturation dashboard; introduce jittered exponential backoff
INC-0033,INC-0033_cache-failure-003.md,customer-profile-service inconsistent payment method availability due to missing ttl for eligibility cache,2025-04-15,SEV2,EU-West,Cache Failures,customer-profile-service,ElastiCache,missing TTL for eligibility cache,DB load spike,inconsistent payment method availability,156,queue growth; cache hit ratio drop; database traffic spike; intermittent 5xx errors; stale cached values; partial customer impact,DB load spike; weak alerting; high-cardinality metrics; insufficient backpressure,add SLO alerting; add cache invalidation test; add bulkhead isolation; add load test scenario
INC-0034,INC-0034_cache-failure-004.md,checkout-api increased error rate due to race in cache invalidation,2025-04-18,SEV1,EU,Cache Failures,checkout-api,ElastiCache,race in cache invalidation,DB load spike,increased error rate,94,stale cached values; partial customer impact; retry spikes; elevated p95 latency; intermittent 5xx errors; CPU saturation,DB load spike; missing circuit breaker; synchronized traffic bursts; manual rollback process,introduce jittered exponential backoff; add cache invalidation test; add load test scenario; add dependency saturation dashboard
INC-0035,INC-0035_cache-failure-005.md,customer-profile-service elevated checkout latency due to hot key overload,2025-04-21,SEV2,EU-West,Cache Failures,customer-profile-service,Redis,hot key overload,DB load spike,elevated checkout latency,155,stale cached values; intermittent 5xx errors; cache hit ratio drop; slow dependency calls; pod restarts; database traffic spike,DB load spike; synchronized traffic bursts; insufficient backpressure; missing circuit breaker,add cache invalidation test; add dependency saturation dashboard; introduce jittered exponential backoff; document runbook
INC-0036,INC-0036_cache-failure-006.md,customer-profile-service merchant portal degradation due to negative cache retained too long,2025-04-24,SEV1,Global,Cache Failures,customer-profile-service,Lua script,negative cache retained too long,stale data,merchant portal degradation,174,increased timeout rate; queue growth; intermittent 5xx errors; delayed async processing; cache hit ratio drop; CPU saturation,stale data; missing circuit breaker; unclear ownership; high-cardinality metrics,enforce config validation; add dependency saturation dashboard; add bulkhead isolation; document runbook
INC-0037,INC-0037_cache-failure-007.md,checkout-api partial payment failures due to cache warmup failure,2025-04-27,SEV3,EU,Cache Failures,checkout-api,ElastiCache,cache warmup failure,inconsistent reads,partial payment failures,64,slow dependency calls; CPU saturation; increased timeout rate; stale cached values; delayed async processing; intermittent 5xx errors,inconsistent reads; manual rollback process; high-cardinality metrics; limited runbook coverage,enforce config validation; add canary validation; add load test scenario; add SLO alerting
INC-0038,INC-0038_cache-failure-008.md,payment-methods-api inconsistent payment method availability due to inconsistent cache key generation,2025-04-29,SEV3,US-East,Cache Failures,payment-methods-api,ElastiCache,inconsistent cache key generation,stale data,inconsistent payment method availability,90,partial customer impact; CPU saturation; connection pool pressure; inconsistent state observed by customers; stale cached values; intermittent 5xx errors,stale data; weak alerting; manual rollback process; limited runbook coverage,enforce config validation; add canary validation; improve idempotency handling; add dependency saturation dashboard
INC-0039,INC-0039_cache-failure-009.md,customer-profile-service delayed payouts due to partial redis cluster failover,2025-05-04,SEV2,APAC,Cache Failures,customer-profile-service,in-memory cache,partial Redis cluster failover,DB load spike,delayed payouts,124,increased timeout rate; CPU saturation; database traffic spike; partial customer impact; intermittent 5xx errors; manual mitigation required,DB load spike; missing circuit breaker; manual rollback process; insufficient backpressure,enforce config validation; add SLO alerting; document runbook; add canary validation
INC-0040,INC-0040_cache-failure-010.md,pricing-service delayed payment status updates due to stale customer state cache,2025-05-06,SEV3,US,Cache Failures,pricing-service,CDN cache,stale customer state cache,DB load spike,delayed payment status updates,162,stale cached values; database traffic spike; delayed async processing; CPU saturation; increased timeout rate; elevated p95 latency,DB load spike; synchronized traffic bursts; unclear ownership; weak alerting,add bulkhead isolation; enforce config validation; add dependency saturation dashboard; document runbook
INC-0041,INC-0041_database-saturation-001.md,payment-api merchant portal degradation due to missing index on high-traffic query,2025-05-10,SEV2,US,Database Saturation,payment-api,read replica,missing index on high-traffic query,dependency saturation,merchant portal degradation,96,connection pool pressure; pod restarts; slow queries; CPU saturation; manual mitigation required; queue growth,dependency saturation; limited runbook coverage; insufficient load testing; weak alerting,introduce jittered exponential backoff; add dependency saturation dashboard; add load test scenario; enforce config validation
INC-0042,INC-0042_database-saturation-002.md,reporting-api delayed payouts due to connection pool exhaustion,2025-05-13,SEV3,APAC,Database Saturation,reporting-api,Entity Framework,connection pool exhaustion,queue buildup,delayed payouts,98,blocked sessions; slow queries; retry spikes; CPU saturation; connection pool pressure; manual mitigation required,queue buildup; lack of bulkhead isolation; synchronized traffic bursts; manual rollback process,document runbook; improve idempotency handling; enforce config validation; add cache invalidation test
INC-0043,INC-0043_database-saturation-003.md,settlement-worker inconsistent payment method availability due to lock contention during batch update,2025-05-16,SEV3,US-East,Database Saturation,settlement-worker,SQL Server,lock contention during batch update,queue buildup,inconsistent payment method availability,119,intermittent 5xx errors; CPU saturation; elevated p95 latency; retry spikes; connection pool pressure; slow dependency calls,queue buildup; lack of bulkhead isolation; missing circuit breaker; limited runbook coverage,add SLO alerting; introduce jittered exponential backoff; enforce config validation; improve idempotency handling
INC-0044,INC-0044_database-saturation-004.md,payment-api merchant portal degradation due to replication lag,2025-05-18,SEV2,US-East,Database Saturation,payment-api,read replica,replication lag,queue buildup,merchant portal degradation,188,manual mitigation required; partial customer impact; inconsistent state observed by customers; delayed async processing; CPU saturation; connection pool pressure,queue buildup; insufficient backpressure; missing circuit breaker; unclear ownership,add dependency saturation dashboard; enforce config validation; add cache invalidation test; add bulkhead isolation
INC-0045,INC-0045_database-saturation-005.md,settlement-worker delayed payment status updates due to slow query plan regression,2025-05-21,SEV3,EU,Database Saturation,settlement-worker,PostgreSQL,slow query plan regression,queue buildup,delayed payment status updates,36,delayed async processing; pod restarts; retry spikes; queue growth; connection pool pressure; DB CPU saturation,queue buildup; synchronized traffic bursts; weak alerting; insufficient load testing,improve idempotency handling; document runbook; add synthetic transaction check; introduce jittered exponential backoff
INC-0046,INC-0046_database-saturation-006.md,ledger-service partial payment failures due to long-running transaction,2025-05-25,SEV2,US-East,Database Saturation,ledger-service,read replica,long-running transaction,queue buildup,partial payment failures,141,partial customer impact; increased timeout rate; CPU saturation; blocked sessions; slow dependency calls; intermittent 5xx errors,queue buildup; manual rollback process; high-cardinality metrics; limited runbook coverage,add synthetic transaction check; add dependency saturation dashboard; document runbook; enforce config validation
INC-0047,INC-0047_database-saturation-007.md,merchant-config-service partial payment failures due to tempdb saturation,2025-05-27,SEV3,APAC,Database Saturation,merchant-config-service,MySQL,tempdb saturation,queue buildup,partial payment failures,190,elevated p95 latency; slow dependency calls; slow queries; inconsistent state observed by customers; delayed async processing; blocked sessions,queue buildup; synchronized traffic bursts; limited runbook coverage; high-cardinality metrics,document runbook; add cache invalidation test; add load test scenario; introduce jittered exponential backoff
INC-0048,INC-0048_database-saturation-008.md,backoffice-api partial payment failures due to read replica overload,2025-05-31,SEV2,Global,Database Saturation,backoffice-api,SQL Server,read replica overload,dependency saturation,partial payment failures,170,intermittent 5xx errors; increased timeout rate; blocked sessions; partial customer impact; delayed async processing; pod restarts,dependency saturation; weak alerting; unclear ownership; synchronized traffic bursts,add bulkhead isolation; add load test scenario; introduce jittered exponential backoff; improve idempotency handling
INC-0049,INC-0049_database-saturation-009.md,settlement-worker partial payment failures due to deadlock loop,2025-06-01,SEV3,Global,Database Saturation,settlement-worker,MySQL,deadlock loop,queue buildup,partial payment failures,58,manual mitigation required; slow queries; blocked sessions; connection pool pressure; partial customer impact; increased timeout rate,queue buildup; manual rollback process; insufficient backpressure; high-cardinality metrics,add canary validation; add load test scenario; enforce config validation; add cache invalidation test
INC-0050,INC-0050_database-saturation-010.md,payment-api increased error rate due to vacuum/statistics delay causing bad query plans,2025-06-04,SEV2,EU-West,Database Saturation,payment-api,Dapper,vacuum/statistics delay causing bad query plans,transaction latency,increased error rate,105,retry spikes; inconsistent state observed by customers; slow queries; CPU saturation; delayed async processing; intermittent 5xx errors,transaction latency; manual rollback process; missing circuit breaker; weak alerting,add synthetic transaction check; add dependency saturation dashboard; improve idempotency handling; document runbook
INC-0051,INC-0051_messaging-failure-001.md,fraud-event-consumer delayed payouts due to rabbitmq queue growth after consumer crash loop,2025-06-09,SEV2,US-East,Queue / Messaging Failures,fraud-event-consumer,Kafka,RabbitMQ queue growth after consumer crash loop,message duplication,delayed payouts,160,intermittent 5xx errors; dead-letter growth; pod restarts; inconsistent state observed by customers; increased timeout rate; CPU saturation,message duplication; synchronized traffic bursts; manual rollback process; high-cardinality metrics,add synthetic transaction check; add cache invalidation test; document runbook; add canary validation
INC-0052,INC-0052_messaging-failure-002.md,message-dispatcher delayed payment status updates due to kafka partition imbalance,2025-06-11,SEV2,US-East,Queue / Messaging Failures,message-dispatcher,consumer group,Kafka partition imbalance,eventual consistency gap,delayed payment status updates,37,pod restarts; increased timeout rate; consumer lag; CPU saturation; dead-letter growth; inconsistent state observed by customers,eventual consistency gap; unclear ownership; insufficient backpressure; insufficient load testing,improve idempotency handling; document runbook; add dependency saturation dashboard; add cache invalidation test
INC-0053,INC-0053_messaging-failure-003.md,fraud-event-consumer inconsistent payment method availability due to poison message blocking consumer,2025-06-14,SEV2,US,Queue / Messaging Failures,fraud-event-consumer,Kafka,poison message blocking consumer,delayed processing,inconsistent payment method availability,174,intermittent 5xx errors; retry spikes; connection pool pressure; message redelivery spike; dead-letter growth; increased timeout rate,delayed processing; insufficient backpressure; weak alerting; synchronized traffic bursts,add SLO alerting; introduce jittered exponential backoff; add load test scenario; add cache invalidation test
INC-0054,INC-0054_messaging-failure-004.md,outbox-worker partial payment failures due to dead-letter queue flood,2025-06-17,SEV2,US-East,Queue / Messaging Failures,outbox-worker,consumer group,dead-letter queue flood,message duplication,partial payment failures,143,queue growth; CPU saturation; connection pool pressure; message redelivery spike; slow dependency calls; elevated p95 latency,message duplication; insufficient load testing; high-cardinality metrics; limited runbook coverage,add synthetic transaction check; enforce config validation; improve idempotency handling; add dependency saturation dashboard
INC-0055,INC-0055_messaging-failure-005.md,payment-status-consumer delayed payment status updates due to consumer lag after deployment,2025-06-19,SEV1,EU,Queue / Messaging Failures,payment-status-consumer,consumer group,consumer lag after deployment,message duplication,delayed payment status updates,177,intermittent 5xx errors; message redelivery spike; slow dependency calls; inconsistent state observed by customers; consumer lag; connection pool pressure,message duplication; lack of bulkhead isolation; manual rollback process; high-cardinality metrics,add dependency saturation dashboard; add cache invalidation test; add bulkhead isolation; document runbook
INC-0056,INC-0056_messaging-failure-006.md,payment-status-consumer merchant portal degradation due to message duplication due to publish retry,2025-06-22,SEV2,Global,Queue / Messaging Failures,payment-status-consumer,SQS,message duplication due to publish retry,delayed processing,merchant portal degradation,128,inconsistent state observed by customers; pod restarts; partial customer impact; message redelivery spike; intermittent 5xx errors; consumer lag,delayed processing; weak alerting; limited runbook coverage; missing circuit breaker,enforce config validation; add dependency saturation dashboard; add canary validation; introduce jittered exponential backoff
INC-0057,INC-0057_messaging-failure-007.md,fraud-event-consumer delayed payment status updates due to outbox processor stuck on locked rows,2025-06-27,SEV2,Global,Queue / Messaging Failures,fraud-event-consumer,RabbitMQ,outbox processor stuck on locked rows,eventual consistency gap,delayed payment status updates,130,increased timeout rate; intermittent 5xx errors; slow dependency calls; dead-letter growth; partial customer impact; message redelivery spike,eventual consistency gap; synchronized traffic bursts; insufficient load testing; unclear ownership,add dependency saturation dashboard; add canary validation; add bulkhead isolation; improve idempotency handling
INC-0058,INC-0058_messaging-failure-008.md,message-dispatcher inconsistent payment method availability due to missing backpressure in event pipeline,2025-06-30,SEV3,EU-West,Queue / Messaging Failures,message-dispatcher,SQL outbox,missing backpressure in event pipeline,delayed processing,inconsistent payment method availability,181,elevated p95 latency; slow dependency calls; inconsistent state observed by customers; delayed async processing; intermittent 5xx errors; message redelivery spike,delayed processing; weak alerting; high-cardinality metrics; insufficient load testing,introduce jittered exponential backoff; add cache invalidation test; enforce config validation; add dependency saturation dashboard
INC-0059,INC-0059_messaging-failure-009.md,outbox-worker elevated checkout latency due to topic retention misconfiguration,2025-07-02,SEV1,EU-West,Queue / Messaging Failures,outbox-worker,consumer group,topic retention misconfiguration,async backlog,elevated checkout latency,118,inconsistent state observed by customers; retry spikes; partial customer impact; intermittent 5xx errors; delayed async processing; consumer lag,async backlog; synchronized traffic bursts; missing circuit breaker; insufficient backpressure,add cache invalidation test; add dependency saturation dashboard; add load test scenario; add synthetic transaction check
INC-0060,INC-0060_messaging-failure-010.md,settlement-consumer delayed payment status updates due to schema incompatibility in event consumer,2025-07-06,SEV2,Global,Queue / Messaging Failures,settlement-consumer,SQS,schema incompatibility in event consumer,message duplication,delayed payment status updates,77,queue growth; partial customer impact; pod restarts; increased timeout rate; intermittent 5xx errors; inconsistent state observed by customers,message duplication; synchronized traffic bursts; limited runbook coverage; high-cardinality metrics,improve idempotency handling; add SLO alerting; add cache invalidation test; document runbook
INC-0061,INC-0061_deployment-config-001.md,provider-adapter delayed payment status updates due to wrong timeout configuration deployed,2025-07-08,SEV3,APAC,Deployment / Config Drift,provider-adapter,Helm,wrong timeout configuration deployed,partial environment impact,delayed payment status updates,52,started after deployment; retry spikes; one environment affected; pod restarts; connection pool pressure; queue growth,partial environment impact; insufficient load testing; synchronized traffic bursts; lack of bulkhead isolation,enforce config validation; add SLO alerting; add synthetic transaction check; add dependency saturation dashboard
INC-0062,INC-0062_deployment-config-002.md,provider-adapter delayed payouts due to feature flag enabled for wrong tenant group,2025-07-10,SEV2,US-East,Deployment / Config Drift,provider-adapter,Secret,feature flag enabled for wrong tenant group,rollback mitigation,delayed payouts,128,manual mitigation required; elevated p95 latency; partial customer impact; retry spikes; slow dependency calls; CPU saturation,rollback mitigation; lack of bulkhead isolation; missing circuit breaker; manual rollback process,improve idempotency handling; enforce config validation; add bulkhead isolation; add dependency saturation dashboard
INC-0063,INC-0063_deployment-config-003.md,admin-panel partial payment failures due to autoscaling disabled in one namespace,2025-07-13,SEV2,US,Deployment / Config Drift,admin-panel,Feature flags,autoscaling disabled in one namespace,configuration drift,partial payment failures,152,pod restarts; one environment affected; manual mitigation required; partial customer impact; started after deployment; inconsistent state observed by customers,configuration drift; weak alerting; unclear ownership; missing circuit breaker,introduce jittered exponential backoff; improve idempotency handling; add cache invalidation test; add dependency saturation dashboard
INC-0064,INC-0064_deployment-config-004.md,payment-options-api inconsistent payment method availability due to environment variable mismatch,2025-07-18,SEV2,EU-West,Deployment / Config Drift,payment-options-api,CI/CD pipeline,environment variable mismatch,rollback mitigation,inconsistent payment method availability,170,inconsistent state observed by customers; started after deployment; rollback improved health; partial customer impact; retry spikes; CPU saturation,rollback mitigation; missing circuit breaker; limited runbook coverage; insufficient load testing,improve idempotency handling; add SLO alerting; add canary validation; add dependency saturation dashboard
INC-0065,INC-0065_deployment-config-005.md,provider-adapter inconsistent payment method availability due to incompatible config between services,2025-07-21,SEV1,APAC,Deployment / Config Drift,provider-adapter,ConfigMap,incompatible config between services,rollback mitigation,inconsistent payment method availability,95,retry spikes; slow dependency calls; one environment affected; connection pool pressure; pod restarts; CPU saturation,rollback mitigation; synchronized traffic bursts; insufficient load testing; insufficient backpressure,add canary validation; improve idempotency handling; add synthetic transaction check; introduce jittered exponential backoff
INC-0066,INC-0066_deployment-config-006.md,checkout-api delayed payouts due to bad canary rollout,2025-07-24,SEV3,APAC,Deployment / Config Drift,checkout-api,ConfigMap,bad canary rollout,change-induced incident,delayed payouts,43,partial customer impact; elevated p95 latency; queue growth; delayed async processing; CPU saturation; manual mitigation required,change-induced incident; insufficient load testing; synchronized traffic bursts; weak alerting,enforce config validation; add cache invalidation test; add canary validation; add SLO alerting
INC-0067,INC-0067_deployment-config-007.md,merchant-api increased error rate due to secret rotation not applied to all pods,2025-07-26,SEV1,EU,Deployment / Config Drift,merchant-api,CI/CD pipeline,secret rotation not applied to all pods,configuration drift,increased error rate,120,intermittent 5xx errors; partial customer impact; increased timeout rate; slow dependency calls; inconsistent state observed by customers; retry spikes,configuration drift; lack of bulkhead isolation; high-cardinality metrics; manual rollback process,add load test scenario; add bulkhead isolation; enforce config validation; add canary validation
INC-0068,INC-0068_deployment-config-008.md,payment-options-api increased error rate due to rate limit misconfigured,2025-07-29,SEV2,Global,Deployment / Config Drift,payment-options-api,CI/CD pipeline,rate limit misconfigured,change-induced incident,increased error rate,114,slow dependency calls; retry spikes; queue growth; partial customer impact; CPU saturation; started after deployment,change-induced incident; unclear ownership; weak alerting; insufficient load testing,add bulkhead isolation; add cache invalidation test; improve idempotency handling; add SLO alerting
INC-0069,INC-0069_deployment-config-009.md,merchant-api elevated checkout latency due to wrong connection string after deployment,2025-08-02,SEV2,US,Deployment / Config Drift,merchant-api,Feature flags,wrong connection string after deployment,partial environment impact,elevated checkout latency,68,partial customer impact; delayed async processing; CPU saturation; elevated p95 latency; pod restarts; rollback improved health,partial environment impact; unclear ownership; limited runbook coverage; high-cardinality metrics,document runbook; add load test scenario; add synthetic transaction check; add cache invalidation test
INC-0070,INC-0070_deployment-config-010.md,provider-adapter inconsistent payment method availability due to region-specific config drift,2025-08-05,SEV2,APAC,Deployment / Config Drift,provider-adapter,CI/CD pipeline,region-specific config drift,rollback mitigation,inconsistent payment method availability,119,started after deployment; retry spikes; rollback improved health; queue growth; slow dependency calls; one environment affected,rollback mitigation; high-cardinality metrics; insufficient backpressure; limited runbook coverage,add bulkhead isolation; add dependency saturation dashboard; add load test scenario; improve idempotency handling
INC-0071,INC-0071_dependency-timeout-001.md,payment-orchestrator inconsistent payment method availability due to third-party payment gateway latency,2025-08-06,SEV3,US,Dependency Timeouts,payment-orchestrator,Envoy,third-party payment gateway latency,retry amplification,inconsistent payment method availability,133,provider timeout increase; thread pool starvation; partial customer impact; elevated p95 latency; pod restarts; manual mitigation required,retry amplification; manual rollback process; insufficient load testing; lack of bulkhead isolation,add canary validation; document runbook; add SLO alerting; add cache invalidation test
INC-0072,INC-0072_dependency-timeout-002.md,gateway-adapter partial payment failures due to internal rest dependency slow responses,2025-08-10,SEV3,US,Dependency Timeouts,gateway-adapter,third-party provider API,internal REST dependency slow responses,request timeout,partial payment failures,95,intermittent 5xx errors; manual mitigation required; delayed async processing; CPU saturation; provider timeout increase; slow dependency calls,request timeout; insufficient backpressure; missing circuit breaker; synchronized traffic bursts,add bulkhead isolation; improve idempotency handling; add cache invalidation test; enforce config validation
INC-0073,INC-0073_dependency-timeout-003.md,gateway-adapter elevated checkout latency due to tls handshake delays,2025-08-14,SEV2,EU,Dependency Timeouts,gateway-adapter,Envoy,TLS handshake delays,thread starvation,elevated checkout latency,129,provider timeout increase; increased timeout rate; thread pool starvation; CPU saturation; slow dependency calls; connection pool pressure,thread starvation; insufficient backpressure; insufficient load testing; unclear ownership,add SLO alerting; improve idempotency handling; add canary validation; document runbook
INC-0074,INC-0074_dependency-timeout-004.md,checkout-api increased error rate due to provider api rate limiting,2025-08-17,SEV2,EU,Dependency Timeouts,checkout-api,TLS,provider API rate limiting,thread starvation,increased error rate,114,elevated p95 latency; pod restarts; downstream latency spike; CPU saturation; thread pool starvation; inconsistent state observed by customers,thread starvation; manual rollback process; lack of bulkhead isolation; high-cardinality metrics,add canary validation; document runbook; add dependency saturation dashboard; add cache invalidation test
INC-0075,INC-0075_dependency-timeout-005.md,payment-orchestrator elevated checkout latency due to downstream circuit breaker missing,2025-08-19,SEV2,US-East,Dependency Timeouts,payment-orchestrator,HTTP,downstream circuit breaker missing,request timeout,elevated checkout latency,140,partial customer impact; manual mitigation required; retry spikes; increased timeout rate; delayed async processing; CPU saturation,request timeout; insufficient backpressure; high-cardinality metrics; unclear ownership,add canary validation; add load test scenario; add bulkhead isolation; enforce config validation
INC-0076,INC-0076_dependency-timeout-006.md,checkout-api elevated checkout latency due to external fraud api degradation,2025-08-21,SEV1,US-East,Dependency Timeouts,checkout-api,TLS,external fraud API degradation,request timeout,elevated checkout latency,95,inconsistent state observed by customers; intermittent 5xx errors; increased timeout rate; manual mitigation required; partial customer impact; pod restarts,request timeout; manual rollback process; limited runbook coverage; synchronized traffic bursts,add synthetic transaction check; add canary validation; add bulkhead isolation; add load test scenario
INC-0077,INC-0077_dependency-timeout-007.md,gateway-adapter inconsistent payment method availability due to slow identity provider token introspection,2025-08-25,SEV1,EU-West,Dependency Timeouts,gateway-adapter,third-party provider API,slow identity provider token introspection,retry amplification,inconsistent payment method availability,68,inconsistent state observed by customers; increased timeout rate; provider timeout increase; partial customer impact; thread pool starvation; intermittent 5xx errors,retry amplification; high-cardinality metrics; limited runbook coverage; manual rollback process,add synthetic transaction check; add SLO alerting; add canary validation; enforce config validation
INC-0078,INC-0078_dependency-timeout-008.md,fraud-service merchant portal degradation due to object storage latency,2025-08-29,SEV1,US-East,Dependency Timeouts,fraud-service,third-party provider API,object storage latency,slow dependency,merchant portal degradation,115,partial customer impact; elevated p95 latency; retry spikes; slow dependency calls; inconsistent state observed by customers; CPU saturation,slow dependency; insufficient backpressure; weak alerting; missing circuit breaker,enforce config validation; improve idempotency handling; add SLO alerting; introduce jittered exponential backoff
INC-0079,INC-0079_dependency-timeout-009.md,payout-service increased error rate due to service mesh timeout mismatch,2025-08-31,SEV2,EU,Dependency Timeouts,payout-service,TLS,service mesh timeout mismatch,request timeout,increased error rate,57,manual mitigation required; partial customer impact; inconsistent state observed by customers; intermittent 5xx errors; queue growth; increased timeout rate,request timeout; insufficient backpressure; weak alerting; limited runbook coverage,add dependency saturation dashboard; add load test scenario; improve idempotency handling; add synthetic transaction check
INC-0080,INC-0080_dependency-timeout-010.md,payment-orchestrator elevated checkout latency due to payment acquirer partial outage,2025-09-02,SEV2,Global,Dependency Timeouts,payment-orchestrator,OAuth introspection,payment acquirer partial outage,request timeout,elevated checkout latency,53,provider timeout increase; retry spikes; delayed async processing; CPU saturation; increased timeout rate; inconsistent state observed by customers,request timeout; lack of bulkhead isolation; synchronized traffic bursts; missing circuit breaker,add load test scenario; introduce jittered exponential backoff; improve idempotency handling; add canary validation
INC-0081,INC-0081_cascading-failure-001.md,risk-platform elevated checkout latency due to local dependency degradation propagated through fan-out calls,2025-09-06,SEV3,US,Cascading Failures,risk-platform,Redis,local dependency degradation propagated through fan-out calls,failure propagation,elevated checkout latency,148,delayed async processing; CPU saturation; manual mitigation required; connection pool pressure; retry spikes; slow dependency calls,failure propagation; missing circuit breaker; synchronized traffic bursts; high-cardinality metrics,enforce config validation; add cache invalidation test; add dependency saturation dashboard; introduce jittered exponential backoff
INC-0082,INC-0082_cascading-failure-002.md,merchant-platform increased error rate due to queue backlog exhausted downstream consumers,2025-09-10,SEV2,US-East,Cascading Failures,merchant-platform,Kubernetes HPA,queue backlog exhausted downstream consumers,failure propagation,increased error rate,110,partial customer impact; manual mitigation required; retry spikes; pod restarts; connection pool pressure; elevated p95 latency,failure propagation; missing circuit breaker; insufficient load testing; weak alerting,add canary validation; document runbook; add cache invalidation test; add load test scenario
INC-0083,INC-0083_cascading-failure-003.md,checkout-platform delayed payment status updates due to retry storm saturated shared redis,2025-09-12,SEV2,EU-West,Cascading Failures,checkout-platform,SQL Server,retry storm saturated shared Redis,lack of isolation,delayed payment status updates,54,retry spikes; connection pool pressure; inconsistent state observed by customers; traffic shifted to unhealthy path; slow dependency calls; delayed async processing,lack of isolation; weak alerting; synchronized traffic bursts; lack of bulkhead isolation,add dependency saturation dashboard; add SLO alerting; add load test scenario; document runbook
INC-0084,INC-0084_cascading-failure-004.md,risk-platform increased error rate due to shared database pool exhausted across services,2025-09-15,SEV2,US-East,Cascading Failures,risk-platform,RabbitMQ,shared database pool exhausted across services,failure propagation,increased error rate,96,traffic shifted to unhealthy path; queue growth; manual mitigation required; multiple services degraded; inconsistent state observed by customers; pod restarts,failure propagation; high-cardinality metrics; limited runbook coverage; missing circuit breaker,enforce config validation; add synthetic transaction check; improve idempotency handling; document runbook
INC-0085,INC-0085_cascading-failure-005.md,merchant-platform delayed payment status updates due to traffic failover overloaded secondary region,2025-09-17,SEV2,US-East,Cascading Failures,merchant-platform,Envoy,traffic failover overloaded secondary region,lack of isolation,delayed payment status updates,110,delayed async processing; connection pool pressure; shared dependency saturated; increased timeout rate; partial customer impact; queue growth,lack of isolation; limited runbook coverage; missing circuit breaker; high-cardinality metrics,add dependency saturation dashboard; add SLO alerting; add load test scenario; enforce config validation
INC-0086,INC-0086_cascading-failure-006.md,risk-platform inconsistent payment method availability due to partial outage amplified by synchronous dependency chain,2025-09-22,SEV3,US,Cascading Failures,risk-platform,RabbitMQ,partial outage amplified by synchronous dependency chain,lack of isolation,inconsistent payment method availability,105,inconsistent state observed by customers; queue growth; manual mitigation required; retry spikes; CPU saturation; connection pool pressure,lack of isolation; limited runbook coverage; synchronized traffic bursts; high-cardinality metrics,enforce config validation; add bulkhead isolation; add synthetic transaction check; document runbook
INC-0087,INC-0087_cascading-failure-007.md,payments-domain merchant portal degradation due to missing bulkhead isolation,2025-09-25,SEV1,APAC,Cascading Failures,payments-domain,Envoy,missing bulkhead isolation,shared dependency saturation,merchant portal degradation,174,traffic shifted to unhealthy path; intermittent 5xx errors; connection pool pressure; elevated p95 latency; increased timeout rate; pod restarts,shared dependency saturation; weak alerting; high-cardinality metrics; lack of bulkhead isolation,enforce config validation; add SLO alerting; add bulkhead isolation; document runbook
INC-0088,INC-0088_cascading-failure-008.md,merchant-platform merchant portal degradation due to shared thread pool saturation,2025-09-28,SEV1,EU-West,Cascading Failures,merchant-platform,Envoy,shared thread pool saturation,shared dependency saturation,merchant portal degradation,162,queue growth; retry spikes; increased timeout rate; pod restarts; partial customer impact; delayed async processing,shared dependency saturation; insufficient load testing; lack of bulkhead isolation; weak alerting,enforce config validation; add bulkhead isolation; add SLO alerting; improve idempotency handling
INC-0089,INC-0089_cascading-failure-009.md,checkout-platform merchant portal degradation due to central auth dependency degraded all apis,2025-10-01,SEV3,EU-West,Cascading Failures,checkout-platform,Redis,central auth dependency degraded all APIs,shared dependency saturation,merchant portal degradation,60,intermittent 5xx errors; partial customer impact; slow dependency calls; shared dependency saturated; retry spikes; pod restarts,shared dependency saturation; synchronized traffic bursts; high-cardinality metrics; lack of bulkhead isolation,add synthetic transaction check; improve idempotency handling; add load test scenario; add cache invalidation test
INC-0090,INC-0090_cascading-failure-010.md,checkout-platform increased error rate due to search/indexing outage blocked checkout path,2025-10-04,SEV2,Global,Cascading Failures,checkout-platform,SQL Server,search/indexing outage blocked checkout path,shared dependency saturation,increased error rate,100,elevated p95 latency; slow dependency calls; CPU saturation; intermittent 5xx errors; inconsistent state observed by customers; shared dependency saturated,shared dependency saturation; synchronized traffic bursts; unclear ownership; insufficient backpressure,add bulkhead isolation; improve idempotency handling; enforce config validation; introduce jittered exponential backoff
INC-0091,INC-0091_observability-human-001.md,monitoring-stack partial payment failures due to missing alert for queue age,2025-10-06,SEV2,US-East,Observability / Human Failures,monitoring-stack,Grafana,missing alert for queue age,delayed detection,partial payment failures,70,inconsistent state observed by customers; pod restarts; retry spikes; dashboard lacked key metric; delayed async processing; queue growth,delayed detection; manual rollback process; insufficient load testing; limited runbook coverage,document runbook; add bulkhead isolation; add canary validation; add synthetic transaction check
INC-0092,INC-0092_observability-human-002.md,incident-response increased error rate due to dashboard showed averages but hid p95 latency,2025-10-09,SEV3,Global,Observability / Human Failures,incident-response,PagerDuty,dashboard showed averages but hid p95 latency,process gap,increased error rate,109,connection pool pressure; slow dependency calls; CPU saturation; queue growth; manual mitigation required; intermittent 5xx errors,process gap; insufficient load testing; high-cardinality metrics; unclear ownership,add synthetic transaction check; add canary validation; add cache invalidation test; improve idempotency handling
INC-0093,INC-0093_observability-human-003.md,incident-response delayed payouts due to unclear service ownership,2025-10-12,SEV2,EU-West,Observability / Human Failures,incident-response,runbooks,unclear service ownership,process gap,delayed payouts,161,delayed async processing; manual mitigation required; dashboard lacked key metric; retry spikes; intermittent 5xx errors; elevated p95 latency,process gap; high-cardinality metrics; missing circuit breaker; lack of bulkhead isolation,document runbook; add cache invalidation test; add bulkhead isolation; add load test scenario
INC-0094,INC-0094_observability-human-004.md,incident-response delayed payouts due to runbook outdated,2025-10-14,SEV1,EU-West,Observability / Human Failures,incident-response,runbooks,runbook outdated,process gap,delayed payouts,172,increased timeout rate; inconsistent state observed by customers; connection pool pressure; queue growth; dashboard lacked key metric; manual mitigation required,process gap; insufficient backpressure; missing circuit breaker; manual rollback process,add cache invalidation test; introduce jittered exponential backoff; add SLO alerting; improve idempotency handling
INC-0095,INC-0095_observability-human-005.md,sre-tooling inconsistent payment method availability due to logs missing correlation ids,2025-10-18,SEV2,US,Observability / Human Failures,sre-tooling,runbooks,logs missing correlation IDs,long MTTR,inconsistent payment method availability,95,increased timeout rate; dashboard lacked key metric; manual mitigation required; unclear ownership during triage; inconsistent state observed by customers; slow dependency calls,long MTTR; unclear ownership; insufficient load testing; insufficient backpressure,add SLO alerting; enforce config validation; add synthetic transaction check; introduce jittered exponential backoff
INC-0096,INC-0096_observability-human-006.md,monitoring-stack increased error rate due to manual mitigation delayed by approval process,2025-10-21,SEV1,EU-West,Observability / Human Failures,monitoring-stack,OpenTelemetry,manual mitigation delayed by approval process,delayed detection,increased error rate,49,dashboard lacked key metric; inconsistent state observed by customers; connection pool pressure; alert fired late; CPU saturation; retry spikes,delayed detection; insufficient load testing; limited runbook coverage; high-cardinality metrics,introduce jittered exponential backoff; add synthetic transaction check; add load test scenario; add cache invalidation test
INC-0097,INC-0097_observability-human-007.md,platform-observability delayed payouts due to alert routed to wrong team,2025-10-25,SEV3,EU-West,Observability / Human Failures,platform-observability,runbooks,alert routed to wrong team,process gap,delayed payouts,71,manual mitigation required; alert fired late; pod restarts; connection pool pressure; partial customer impact; increased timeout rate,process gap; manual rollback process; missing circuit breaker; weak alerting,document runbook; add SLO alerting; add load test scenario; enforce config validation
INC-0098,INC-0098_observability-human-008.md,payment-options increased error rate due to no synthetic checks for critical flow,2025-10-27,SEV3,APAC,Observability / Human Failures,payment-options,PagerDuty,no synthetic checks for critical flow,process gap,increased error rate,168,delayed async processing; unclear ownership during triage; queue growth; elevated p95 latency; inconsistent state observed by customers; increased timeout rate,process gap; limited runbook coverage; high-cardinality metrics; weak alerting,add dependency saturation dashboard; add load test scenario; add canary validation; document runbook
INC-0099,INC-0099_observability-human-009.md,payment-options increased error rate due to incident commander handoff failed,2025-10-31,SEV1,US-East,Observability / Human Failures,payment-options,Grafana,incident commander handoff failed,long MTTR,increased error rate,117,unclear ownership during triage; manual mitigation required; connection pool pressure; dashboard lacked key metric; inconsistent state observed by customers; queue growth,long MTTR; unclear ownership; missing circuit breaker; limited runbook coverage,improve idempotency handling; add dependency saturation dashboard; add SLO alerting; document runbook
INC-0100,INC-0100_observability-human-010.md,incident-response merchant portal degradation due to metric cardinality change broke dashboard query,2025-11-01,SEV1,EU-West,Observability / Human Failures,incident-response,Loki,metric cardinality change broke dashboard query,poor observability,merchant portal degradation,51,unclear ownership during triage; increased timeout rate; connection pool pressure; CPU saturation; elevated p95 latency; manual mitigation required,poor observability; weak alerting; insufficient load testing; manual rollback process,add bulkhead isolation; add synthetic transaction check; add load test scenario; add SLO alerting
